tsec,tnsec,seqNo,id,type,side,bid0,bid1,bid2,bid3,bid4,bid_size0,bid_size1,bid_size2,bid_size3,bid_size4,ask0,ask1,ask2,ask3,ask4,ask_size0,ask_size1,ask_size2,ask_size3,ask_size4
1780775211,864392000,0,1,U,N,6060399000000,6060398000000,6060397000000,6060392000000,0,339209000,35000,17000,400000,0,6060400000000,6060401000000,6060402000000,6060584000000,0,17741000,80000,17000,18000,0
1780775211,864622000,2,1,U,N,6060399000000,6060398000000,6060397000000,6060392000000,0,339209000,35000,17000,400000,0,6060400000000,6060401000000,6060402000000,6060584000000,0,17741000,80000,17000,18000,0
1780775211,864645000,5,1,U,N,6060399000000,6060398000000,6060397000000,6060392000000,0,339173000,35000,17000,400000,0,6060400000000,6060401000000,6060402000000,6060584000000,0,17741000,80000,17000,18000,0
1780775211,864662000,7,1,U,N,6060399000000,6060398000000,6060397000000,6060392000000,0,339173000,35000,17000,400000,0,6060400000000,6060401000000,6060402000000,6060584000000,0,17741000,80000,17000,18000,0
1780775211,864678000,9,1,U,N,6060399000000,6060398000000,6060397000000,6060392000000,0,339173000,35000,17000,400000,0,6060400000000,6060401000000,6060402000000,6060584000000,0,17741000,80000,17000,18000,0
1780775211,864695000,11,1,U,N,6060399000000,6060398000000,6060397000000,6060392000000,0,339173000,35000,17000,400000,0,6060400000000,6060401000000,6060402000000,6060584000000,0,17741000,80000,17000,18000,0
1780775211,864725000,13,1,U,N,6060399000000,6060398000000,6060397000000,6060392000000,0,339173000,35000,17000,400000,0,6060400000000,6060401000000,6060402000000,6060584000000,0,17741000,80000,17000,18000,0
1780775211,864742000,15,1,U,N,6060399000000,6060398000000,6060397000000,6060392000000,0,325365000,35000,17000,400000,0,6060400000000,6060401000000,6060402000000,6060584000000,0,17741000,80000,17000,18000,0
1780775211,864758000,17,1,U,N,6060399000000,6060398000000,6060397000000,6060392000000,0,325365000,35000,17000,400000,0,6060400000000,6060401000000,6060402000000,6060584000000,0,17741000,80000,17000,18000,0
1780775211,864775000,19,1,U,N,6060399000000,6060398000000,6060397000000,6060392000000,0,325369000,35000,17000,400000,0,6060400000000,6060401000000,6060402000000,6060584000000,0,17741000,80000,17000,18000,0
1780775211,864800000,21,1,U,N,6060399000000,6060398000000,6060397000000,6060392000000,0,325369000,35000,17000,400000,0,6060400000000,6060401000000,6060402000000,6060584000000,0,17750000,89000,17000,18000,0
1780775211,864819000,23,1,U,N,6060399000000,6060398000000,6060397000000,6060392000000,0,325369000,35000,17000,400000,0,6060400000000,6060401000000,6060402000000,6060584000000,0,17750000,89000,17000,18000,0
1780775211,864834000,25,1,U,N,6060399000000,6060398000000,6060397000000,6060392000000,0,325369000,35000,17000,400000,0,6060400000000,6060401000000,6060402000000,6060584000000,0,17750000,89000,17000,18000,0
1780775211,864853000,27,1,U,N,6060399000000,6060398000000,6060397000000,6060392000000,6060364000000,194903000,98000,17000,400000,18000,6060400000000,6060401000000,6060402000000,6060453000000,6060584000000,187964000,89000,17000,5863000,18000
1780775211,864939000,29,1,U,N,6060399000000,6060398000000,6060397000000,6060392000000,6060364000000,194729000,98000,17000,400000,18000,6060400000000,6060401000000,6060402000000,6060452000000,6060453000000,180474000,89000,17000,18000,5863000
1780775211,864967000,31,1,U,N,6060399000000,6060398000000,6060397000000,6060392000000,6060364000000,194729000,98000,17000,400000,18000,6060400000000,6060401000000,6060402000000,6060452000000,6060453000000,180540000,98000,17000,18000,5863000
1780775211,864986000,33,1,U,N,6060399000000,6060398000000,6060397000000,6060392000000,6060364000000,194720000,98000,17000,400000,18000,6060400000000,6060401000000,6060402000000,6060452000000,6060453000000,180474000,89000,17000,18000,5863000
1780775211,865014000,35,1,U,N,6060399000000,6060398000000,6060397000000,6060392000000,6060364000000,201143000,98000,17000,400000,18000,6060400000000,6060401000000,6060402000000,6060452000000,6060453000000,180474000,89000,17000,18000,5863000
1780775211,865032000,37,1,U,N,6060399000000,6060398000000,6060397000000,6060392000000,6060364000000,264843000,98000,17000,400000,18000,6060400000000,6060401000000,6060402000000,6060452000000,6060453000000,97442000,89000,17000,18000,5863000
1780775211,865051000,39,1,U,N,6060399000000,6060398000000,6060397000000,6060392000000,6060364000000,292012000,35000,17000,400000,18000,6060400000000,6060401000000,6060402000000,6060452000000,6060453000000,18574000,80000,17000,18000,5863000
1780775211,865114000,42,1,U,N,6060399000000,6060398000000,6060397000000,6060392000000,6060364000000,292829000,35000,17000,400000,18000,6060400000000,6060401000000,6060402000000,6060452000000,6060453000000,18658000,71000,17000,18000,5863000
1780775211,865151000,44,1,U,N,6060399000000,6060398000000,6060397000000,6060392000000,6060364000000,279021000,35000,17000,400000,18000,6060400000000,6060401000000,6060402000000,6060452000000,6060453000000,18408000,71000,17000,18000,5863000
1780775211,865169000,46,1,U,N,6060399000000,6060398000000,6060397000000,6060392000000,6060364000000,292829000,35000,17000,400000,18000,6060400000000,6060401000000,6060402000000,6060452000000,6060453000000,18408000,71000,17000,18000,5863000
1780775211,865187000,48,1,U,N,6060399000000,6060398000000,6060397000000,6060392000000,6060364000000,292829000,35000,17000,400000,18000,6060400000000,6060401000000,6060402000000,6060452000000,6060453000000,18408000,71000,17000,18000,5863000
1780775211,865217000,51,1,U,N,6060399000000,6060398000000,6060397000000,6060392000000,6060364000000,292829000,35000,17000,400000,18000,6060400000000,6060401000000,6060402000000,6060452000000,6060453000000,18392000,71000,17000,18000,5863000
1780775211,865236000,54,1,U,N,6060399000000,6060398000000,6060397000000,6060392000000,6060364000000,292813000,35000,17000,400000,18000,6060400000000,6060401000000,6060402000000,6060452000000,6060453000000,18392000,71000,17000,18000,5863000
1780775211,865254000,56,1,U,N,6060399000000,6060398000000,6060397000000,6060392000000,6060364000000,292813000,35000,17000,400000,18000,6060400000000,6060401000000,6060402000000,6060452000000,6060453000000,17692000,71000,17000,18000,5863000
1780775211,865271000,58,1,U,N,6060399000000,6060398000000,6060397000000,6060392000000,6060364000000,292813000,35000,17000,400000,18000,6060400000000,6060401000000,6060402000000,6060452000000,6060453000000,18392000,71000,17000,18000,5863000
1780775211,865301000,60,1,U,N,6060399000000,6060398000000,6060397000000,6060392000000,6060364000000,292813000,35000,17000,400000,18000,6060400000000,6060401000000,6060402000000,6060452000000,6060453000000,18392000,71000,17000,18000,5863000
1780775211,865317000,62,1,U,N,6060399000000,6060398000000,6060397000000,6060392000000,6060364000000,292813000,35000,17000,400000,18000,6060400000000,6060401000000,6060402000000,6060452000000,6060453000000,18392000,71000,17000,18000,5863000
1780775211,865333000,64,1,U,N,6060399000000,6060398000000,6060397000000,6060392000000,6060364000000,292813000,35000,17000,400000,18000,6060400000000,6060401000000,6060402000000,6060452000000,6060453000000,18392000,71000,17000,18000,5863000
1780775211,865349000,66,1,U,N,6060399000000,6060398000000,6060397000000,6060392000000,6060364000000,292813000,35000,17000,400000,18000,6060400000000,6060401000000,6060402000000,6060452000000,6060453000000,17692000,71000,17000,18000,5863000
1780775211,865368000,68,1,U,N,6060399000000,6060398000000,6060397000000,6060392000000,6060364000000,292813000,35000,17000,400000,18000,6060400000000,6060401000000,6060402000000,6060452000000,6060453000000,17692000,71000,17000,18000,5863000
1780775211,865391000,70,1,U,N,6060399000000,6060398000000,6060397000000,6060392000000,6060364000000,292813000,35000,17000,400000,18000,6060400000000,6060401000000,6060402000000,6060452000000,6060453000000,2402000,71000,17000,18000,5863000
1780775211,865412000,72,1,U,N,6060399000000,6060398000000,6060397000000,6060392000000,6060364000000,293802000,35000,17000,400000,18000,6060400000000,6060401000000,6060402000000,6060452000000,6060453000000,2375000,71000,17000,18000,5863000
1780775211,865442000,75,1,U,N,6060399000000,6060398000000,6060397000000,6060392000000,6060364000000,293704000,35000,17000,400000,18000,6060400000000,6060401000000,6060402000000,6060452000000,6060453000000,2375000,71000,17000,18000,5863000
1780775211,865469000,77,1,U,N,6060399000000,6060398000000,6060397000000,6060392000000,6060364000000,305232000,35000,17000,400000,18000,6060400000000,6060401000000,6060402000000,6060452000000,6060453000000,2384000,71000,17000,18000,5863000
1780775211,865496000,79,1,U,N,6060399000000,6060398000000,6060397000000,6060392000000,6060364000000,305232000,35000,17000,400000,18000,6060400000000,6060401000000,6060402000000,6060452000000,6060453000000,2384000,71000,17000,18000,5863000
1780775211,865514000,81,1,U,N,6060399000000,6060398000000,6060397000000,6060392000000,6060364000000,355251000,35000,17000,400000,18000,6060400000000,6060401000000,6060402000000,6060452000000,6060453000000,2375000,62000,17000,18000,5863000
1780775211,865544000,83,1,U,N,6060399000000,6060398000000,6060397000000,6060392000000,6060364000000,355251000,35000,17000,400000,18000,6060400000000,6060401000000,6060402000000,6060452000000,6060453000000,2375000,62000,17000,18000,5863000
1780775211,865560000,85,1,U,N,6060399000000,6060398000000,6060397000000,6060392000000,6060364000000,355251000,35000,17000,400000,18000,6060400000000,6060401000000,6060402000000,6060452000000,6060453000000,2375000,62000,17000,18000,5863000
1780775211,865577000,87,1,U,N,6060399000000,6060398000000,6060397000000,6060392000000,6060364000000,355251000,35000,17000,400000,18000,6060400000000,6060401000000,6060402000000,6060452000000,6060453000000,2375000,62000,17000,18000,5863000
1780775211,865596000,90,1,U,N,6060399000000,6060398000000,6060397000000,6060392000000,6060364000000,305251000,35000,17000,400000,18000,6060400000000,6060401000000,6060402000000,6060452000000,6060453000000,2323000,71000,17000,18000,5863000
1780775211,865625000,92,1,U,N,6060399000000,6060398000000,6060397000000,6060392000000,6060364000000,305251000,35000,17000,400000,18000,6060400000000,6060401000000,6060402000000,6060452000000,6060453000000,2332000,80000,17000,18000,5863000
1780775211,865643000,94,1,U,N,6060399000000,6060398000000,6060397000000,6060392000000,6060364000000,335762000,35000,17000,400000,18000,6060400000000,6060401000000,6060402000000,6060452000000,6060453000000,2332000,80000,17000,18000,5863000
1780775211,865660000,96,1,U,N,6060399000000,6060398000000,6060397000000,6060392000000,6060364000000,335762000,35000,17000,400000,18000,6060400000000,6060401000000,6060402000000,6060452000000,6060453000000,2332000,80000,17000,18000,5863000
1780775211,865679000,99,1,U,N,6060399000000,6060398000000,6060397000000,6060392000000,6060364000000,335739000,35000,17000,400000,18000,6060400000000,6060401000000,6060402000000,6060452000000,6060453000000,2332000,80000,17000,18000,5863000
1780775211,865711000,101,1,U,N,6060399000000,6060398000000,6060397000000,6060392000000,6060364000000,335739000,35000,17000,400000,18000,6060400000000,6060401000000,6060402000000,6060452000000,6060453000000,2323000,71000,17000,18000,5863000
1780775211,865736000,105,1,U,N,6060399000000,6060398000000,6060397000000,6060392000000,6060364000000,322406000,35000,17000,400000,18000,6060400000000,6060401000000,6060402000000,6060452000000,6060453000000,2323000,71000,17000,18000,5863000
1780775211,865754000,107,1,U,N,6060399000000,6060398000000,6060397000000,6060392000000,6060364000000,322406000,35000,17000,400000,18000,6060400000000,6060401000000,6060402000000,6060452000000,6060453000000,2323000,71000,17000,18000,5863000
1780775211,865769000,109,1,U,N,6060399000000,6060398000000,6060397000000,6060392000000,6060364000000,336240000,35000,17000,400000,18000,6060400000000,6060401000000,6060402000000,6060452000000,6060453000000,2323000,71000,17000,18000,5863000
1780775211,865794000,111,1,U,N,6060399000000,6060398000000,6060397000000,6060392000000,6060364000000,336240000,35000,17000,400000,18000,6060400000000,6060401000000,6060402000000,6060452000000,6060453000000,2323000,71000,17000,18000,5863000
1780775211,865810000,113,1,U,N,6060399000000,6060398000000,6060397000000,6060392000000,6060364000000,336240000,35000,17000,400000,18000,6060400000000,6060401000000,6060402000000,6060452000000,6060453000000,2323000,71000,17000,18000,5863000
1780775211,865827000,115,1,U,N,6060399000000,6060398000000,6060397000000,6060392000000,6060364000000,336240000,35000,17000,400000,18000,6060400000000,6060401000000,6060402000000,6060452000000,6060453000000,2620000,71000,17000,18000,5863000
1780775211,865844000,117,1,U,N,6060399000000,6060398000000,6060397000000,6060392000000,6060364000000,336240000,35000,17000,400000,18000,6060400000000,6060401000000,6060402000000,6060452000000,6060453000000,2620000,71000,17000,18000,5863000
1780775211,865881000,123,1,U,N,6060399000000,6060398000000,6060397000000,6060392000000,6060364000000,335331000,35000,17000,400000,18000,6060400000000,6060401000000,6060402000000,6060452000000,6060453000000,1667000,71000,17000,18000,5863000
1780775211,865900000,125,1,U,N,6060399000000,6060398000000,6060397000000,6060392000000,6060364000000,335331000,35000,17000,400000,18000,6060400000000,6060401000000,6060402000000,6060452000000,6060453000000,1667000,71000,17000,18000,5863000
1780775211,865916000,127,1,U,N,6060399000000,6060398000000,6060397000000,6060392000000,6060364000000,335331000,35000,17000,400000,18000,6060400000000,6060401000000,6060402000000,6060452000000,6060453000000,1667000,71000,17000,18000,5863000
1780775211,865932000,129,1,U,N,6060399000000,6060398000000,6060397000000,6060392000000,6060364000000,335340000,35000,17000,400000,18000,6060400000000,6060401000000,6060402000000,6060452000000,6060453000000,1658000,62000,17000,18000,5863000
1780775211,865964000,131,1,U,N,6060399000000,6060398000000,6060397000000,6060392000000,6060364000000,335340000,35000,17000,400000,18000,6060400000000,6060401000000,6060402000000,6060452000000,6060453000000,1658000,62000,17000,18000,5863000
1780775211,866236000,216,1,U,N,6060399000000,6060398000000,6060397000000,6060392000000,6060364000000,335340000,223012000,98000,400000,18000,6060399000000,6060400000000,6060401000000,6060402000000,6060452000000,286855000,1579000,17000,17000,18000
1780775211,866293000,219,1,U,N,6060399000000,6060398000000,6060397000000,6060392000000,6060364000000,335340000,230655000,98000,400000,18000,6060399000000,6060400000000,6060401000000,6060402000000,6060452000000,286819000,1579000,17000,17000,18000
1780775211,866316000,221,1,U,N,6060399000000,6060398000000,6060397000000,6060392000000,6060364000000,335340000,218162000,98000,400000,18000,6060399000000,6060400000000,6060401000000,6060402000000,6060452000000,286837000,1597000,17000,17000,18000
1780775211,866335000,223,1,U,N,6060399000000,6060398000000,6060397000000,6060392000000,6060364000000,335340000,236671000,98000,400000,18000,6060399000000,6060400000000,6060401000000,6060402000000,6060452000000,286828000,1597000,17000,17000,18000
1780775211,866358000,225,1,U,N,6060399000000,6060398000000,6060397000000,6060392000000,6060364000000,335340000,280250000,98000,400000,18000,6060399000000,6060400000000,6060401000000,6060402000000,6060452000000,286828000,1597000,17000,17000,18000
1780775211,866380000,227,1,U,N,6060399000000,6060398000000,6060397000000,6060392000000,6060364000000,335340000,280439000,107000,400000,18000,6060399000000,6060400000000,6060401000000,6060402000000,6060452000000,275546000,1588000,17000,17000,18000
1780775211,866399000,229,1,U,N,6060399000000,6060398000000,6060397000000,6060392000000,6060364000000,335340000,280529000,107000,400000,18000,6060399000000,6060400000000,6060401000000,6060402000000,6060452000000,275546000,1588000,17000,17000,18000
1780775211,866416000,231,1,U,N,6060399000000,6060398000000,6060397000000,6060392000000,6060364000000,335340000,280569000,107000,400000,18000,6060399000000,6060400000000,6060401000000,6060402000000,6060452000000,275852000,1597000,17000,17000,18000
1780775211,866438000,233,1,U,N,6060399000000,6060398000000,6060397000000,6060392000000,6060364000000,335340000,280569000,107000,400000,18000,6060399000000,6060400000000,6060401000000,6060402000000,6060452000000,275852000,1597000,17000,17000,18000
1780775211,866456000,235,1,U,N,6060399000000,6060398000000,6060397000000,6060392000000,6060364000000,335340000,280578000,116000,400000,18000,6060399000000,6060400000000,6060401000000,6060402000000,6060452000000,275843000,1588000,17000,17000,18000
1780775211,866474000,237,1,U,N,6060399000000,6060398000000,6060397000000,6060392000000,6060364000000,335340000,280578000,116000,400000,18000,6060399000000,6060400000000,6060401000000,6060402000000,6060452000000,275843000,1588000,17000,17000,18000
1780775211,866490000,239,1,U,N,6060399000000,6060398000000,6060397000000,6060396000000,6060392000000,335340000,280638000,116000,17000,400000,6060399000000,6060400000000,6060401000000,6060402000000,6060452000000,275843000,1588000,17000,17000,18000
1780775211,866510000,241,1,U,N,6060399000000,6060398000000,6060397000000,6060396000000,6060392000000,335340000,280638000,116000,17000,400000,6060399000000,6060400000000,6060401000000,6060402000000,6060452000000,275843000,1588000,17000,17000,18000
1780775211,866528000,243,1,U,N,6060399000000,6060398000000,6060397000000,6060396000000,6060392000000,335340000,280838000,116000,17000,400000,6060399000000,6060400000000,6060401000000,6060402000000,6060452000000,275843000,1588000,17000,17000,18000
1780775211,866546000,246,1,U,N,6060399000000,6060398000000,6060397000000,6060396000000,6060392000000,335340000,280838000,116000,17000,400000,6060399000000,6060400000000,6060401000000,6060402000000,6060452000000,275825000,1588000,17000,17000,18000
1780775211,866563000,248,1,U,N,6060399000000,6060398000000,6060397000000,6060396000000,6060392000000,335340000,280838000,116000,17000,400000,6060399000000,6060400000000,6060401000000,6060402000000,6060452000000,275825000,1588000,17000,17000,18000
1780775211,866581000,250,1,U,N,6060399000000,6060398000000,6060397000000,6060396000000,6060392000000,335340000,280838000,116000,17000,400000,6060399000000,6060400000000,6060401000000,6060402000000,6060452000000,275825000,1588000,17000,17000,18000
1780775211,866607000,252,1,U,N,6060399000000,6060398000000,6060397000000,6060396000000,6060392000000,335340000,280838000,116000,17000,400000,6060399000000,6060400000000,6060401000000,6060402000000,6060452000000,275825000,1588000,17000,17000,18000
1780775211,866622000,254,1,U,N,6060399000000,6060398000000,6060397000000,6060396000000,6060392000000,335340000,280838000,116000,17000,400000,6060399000000,6060400000000,6060401000000,6060402000000,6060452000000,275825000,1588000,17000,17000,18000
1780775211,866637000,256,1,U,N,6060399000000,6060398000000,6060397000000,6060396000000,6060392000000,335340000,280838000,116000,17000,400000,6060399000000,6060400000000,6060401000000,6060402000000,6060452000000,275825000,1588000,17000,17000,18000
1780775211,866654000,258,1,U,N,6060399000000,6060398000000,6060397000000,6060396000000,6060392000000,335340000,280838000,116000,17000,400000,6060399000000,6060400000000,6060401000000,6060402000000,6060452000000,275825000,1588000,17000,17000,18000
1780775211,866675000,260,1,U,N,6060399000000,6060398000000,6060397000000,6060396000000,6060392000000,335340000,241938000,116000,17000,400000,6060399000000,6060400000000,6060401000000,6060402000000,6060452000000,275825000,1588000,17000,17000,18000
1780775211,866691000,262,1,U,N,6060399000000,6060398000000,6060397000000,6060396000000,6060392000000,335340000,241938000,116000,17000,400000,6060399000000,6060400000000,6060401000000,6060402000000,6060452000000,275825000,1588000,17000,17000,18000
1780775211,866706000,264,1,U,N,6060399000000,6060398000000,6060397000000,6060396000000,6060392000000,335340000,241947000,116000,17000,400000,6060399000000,6060400000000,6060401000000,6060402000000,6060452000000,275825000,1588000,17000,17000,18000
1780775211,866721000,266,1,U,N,6060399000000,6060398000000,6060397000000,6060396000000,6060392000000,335340000,175314000,116000,17000,400000,6060399000000,6060400000000,6060401000000,6060402000000,6060452000000,275825000,1588000,17000,17000,18000
1780775211,866770000,272,1,U,N,6060399000000,6060398000000,6060397000000,6060396000000,6060392000000,335340000,168916000,116000,17000,400000,6060399000000,6060400000000,6060401000000,6060402000000,6060452000000,321046000,1588000,17000,17000,18000
1780775211,866802000,274,1,U,N,6060399000000,6060398000000,6060397000000,6060396000000,6060392000000,335340000,166005000,98000,17000,400000,6060399000000,6060400000000,6060401000000,6060402000000,6060452000000,290378000,1579000,17000,17000,18000
1780775211,866823000,276,1,U,N,6060399000000,6060398000000,6060397000000,6060396000000,6060392000000,335340000,166193000,98000,17000,400000,6060399000000,6060400000000,6060401000000,6060402000000,6060452000000,290331000,1579000,17000,17000,18000
1780775211,866842000,278,1,U,N,6060399000000,6060398000000,6060397000000,6060396000000,6060392000000,335340000,166193000,98000,17000,400000,6060399000000,6060400000000,6060401000000,6060402000000,6060452000000,290331000,1579000,17000,17000,18000
1780775211,866862000,280,1,U,N,6060399000000,6060398000000,6060397000000,6060396000000,6060392000000,335340000,171626000,98000,17000,400000,6060399000000,6060400000000,6060401000000,6060402000000,6060452000000,290331000,1579000,17000,17000,18000
1780775211,866879000,282,1,U,N,6060399000000,6060398000000,6060397000000,6060396000000,6060392000000,335340000,171438000,98000,17000,400000,6060399000000,6060400000000,6060401000000,6060402000000,6060452000000,329611000,1570000,17000,17000,18000
1780775211,866897000,284,1,U,N,6060399000000,6060398000000,6060397000000,6060396000000,6060392000000,335340000,171438000,98000,17000,400000,6060399000000,6060400000000,6060401000000,6060402000000,6060452000000,329611000,1570000,17000,17000,18000
1780775211,866916000,287,1,U,N,6060399000000,6060398000000,6060397000000,6060396000000,6060392000000,335340000,167425000,98000,17000,400000,6060399000000,6060400000000,6060401000000,6060402000000,6060452000000,329611000,1570000,17000,17000,18000
1780775211,866940000,290,1,U,N,6060399000000,6060398000000,6060397000000,6060396000000,6060392000000,335340000,167404000,98000,17000,400000,6060399000000,6060400000000,6060401000000,6060402000000,6060452000000,329629000,1570000,17000,17000,18000
1780775211,866968000,292,1,U,N,6060399000000,6060398000000,6060397000000,6060396000000,6060392000000,335340000,173252000,98000,17000,400000,6060399000000,6060400000000,6060401000000,6060402000000,6060452000000,290638000,1570000,17000,17000,18000
1780775211,866988000,294,1,U,N,6060399000000,6060398000000,6060397000000,6060396000000,6060392000000,335340000,173252000,98000,17000,400000,6060399000000,6060400000000,6060401000000,6060402000000,6060452000000,290638000,1570000,17000,17000,18000
1780775211,867006000,296,1,U,N,6060399000000,6060398000000,6060397000000,6060396000000,6060392000000,335340000,173261000,98000,17000,400000,6060399000000,6060400000000,6060401000000,6060402000000,6060452000000,290629000,1570000,17000,17000,18000
1780775211,867030000,298,1,U,N,6060399000000,6060398000000,6060397000000,6060396000000,6060392000000,335340000,74190000,98000,17000,400000,6060399000000,6060400000000,6060401000000,6060402000000,6060452000000,351025000,1570000,17000,17000,18000
1780775211,867057000,300,1,U,N,6060399000000,6060398000000,6060397000000,6060396000000,6060392000000,335340000,106229000,98000,17000,400000,6060399000000,6060400000000,6060401000000,6060402000000,6060452000000,290974000,1570000,17000,17000,18000
1780775211,867099000,302,1,U,N,6060399000000,6060398000000,6060397000000,6060396000000,6060392000000,335340000,106220000,98000,17000,400000,6060399000000,6060400000000,6060401000000,6060402000000,6060452000000,290965000,1570000,17000,17000,18000
1780775211,867124000,304,1,U,N,6060399000000,6060398000000,6060397000000,6060396000000,6060392000000,335340000,111663000,98000,17000,400000,6060399000000,6060400000000,6060401000000,6060402000000,6060452000000,330215000,1570000,17000,17000,18000
1780775211,867147000,306,1,U,N,6060399000000,6060398000000,6060397000000,6060396000000,6060392000000,335340000,111663000,98000,17000,400000,6060399000000,6060400000000,6060401000000,6060402000000,6060452000000,330206000,1570000,17000,17000,18000
1780775211,867178000,308,1,U,N,6060399000000,6060398000000,6060397000000,6060396000000,6060392000000,335340000,111663000,98000,17000,400000,6060399000000,6060400000000,6060401000000,6060402000000,6060452000000,330215000,1570000,17000,17000,18000
1780775211,867197000,310,1,U,N,6060399000000,6060398000000,6060397000000,6060396000000,6060392000000,335340000,111663000,98000,17000,400000,6060399000000,6060400000000,6060401000000,6060402000000,6060452000000,330224000,1570000,17000,17000,18000
1780775211,867217000,312,1,U,N,6060399000000,6060398000000,6060397000000,6060396000000,6060392000000,335340000,111672000,98000,17000,400000,6060399000000,6060400000000,6060401000000,6060402000000,6060452000000,330233000,1570000,17000,17000,18000
1780775211,867246000,316,1,U,N,6060399000000,6060398000000,6060397000000,6060396000000,6060392000000,335340000,105858000,98000,17000,400000,6060399000000,6060400000000,6060401000000,6060402000000,6060452000000,330531000,1570000,17000,17000,18000
1780775211,867264000,318,1,U,N,6060399000000,6060398000000,6060397000000,6060396000000,6060392000000,335340000,105858000,98000,17000,400000,6060399000000,6060400000000,6060401000000,6060402000000,6060452000000,330531000,1570000,17000,17000,18000
1780775211,867282000,320,1,U,N,6060399000000,6060398000000,6060397000000,6060396000000,6060392000000,335340000,105858000,98000,17000,400000,6060399000000,6060400000000,6060401000000,6060402000000,6060452000000,330531000,1570000,17000,17000,18000
1780775211,867299000,322,1,U,N,6060399000000,6060398000000,6060397000000,6060396000000,6060392000000,335340000,105858000,98000,17000,400000,6060399000000,6060400000000,6060401000000,6060402000000,6060452000000,330531000,1570000,17000,17000,18000
1780775211,867316000,324,1,U,N,6060399000000,6060398000000,6060397000000,6060396000000,6060392000000,335340000,105858000,98000,17000,400000,6060399000000,6060400000000,6060401000000,6060402000000,6060452000000,330531000,1570000,17000,17000,18000
1780775211,867335000,327,1,U,N,6060399000000,6060398000000,6060397000000,6060396000000,6060392000000,335340000,105867000,107000,17000,400000,6060399000000,6060400000000,6060401000000,6060402000000,6060452000000,330435000,1570000,17000,17000,18000
1780775211,867352000,329,1,U,N,6060399000000,6060398000000,6060397000000,6060396000000,6060392000000,335340000,105867000,107000,17000,400000,6060399000000,6060400000000,6060401000000,6060402000000,6060452000000,330435000,1570000,17000,17000,18000
1780775211,867368000,331,1,U,N,6060399000000,6060398000000,6060397000000,6060396000000,6060392000000,335340000,105867000,107000,17000,400000,6060399000000,6060400000000,6060401000000,6060402000000,6060452000000,330435000,1570000,17000,17000,18000
1780775211,867384000,333,1,U,N,6060399000000,6060398000000,6060397000000,6060396000000,6060392000000,335340000,105876000,116000,17000,400000,6060399000000,6060400000000,6060401000000,6060402000000,6060452000000,330435000,1570000,17000,17000,18000
1780775211,867403000,335,1,U,N,6060399000000,6060398000000,6060397000000,6060396000000,6060392000000,335340000,105876000,116000,17000,400000,6060399000000,6060400000000,6060401000000,6060402000000,6060452000000,330435000,1570000,17000,17000,18000
1780775211,867419000,337,1,U,N,6060399000000,6060398000000,6060397000000,6060396000000,6060392000000,335340000,105876000,116000,17000,400000,6060399000000,6060400000000,6060401000000,6060402000000,6060452000000,330435000,1570000,17000,17000,18000
1780775211,867442000,339,1,U,N,6060399000000,6060398000000,6060397000000,6060396000000,6060392000000,335340000,105876000,116000,17000,400000,6060399000000,6060400000000,6060401000000,6060402000000,6060452000000,330435000,1570000,17000,17000,18000
1780775211,867458000,341,1,U,N,6060399000000,6060398000000,6060397000000,6060396000000,6060392000000,335340000,105876000,116000,17000,400000,6060399000000,6060400000000,6060401000000,6060402000000,6060452000000,330435000,1570000,17000,17000,18000
1780775211,867473000,343,1,U,N,6060399000000,6060398000000,6060397000000,6060396000000,6060392000000,335340000,160343000,116000,17000,400000,6060399000000,6060400000000,6060401000000,6060402000000,6060452000000,330435000,1570000,17000,17000,18000
1780775211,867498000,345,1,U,N,6060399000000,6060398000000,6060397000000,6060396000000,6060392000000,335340000,160563000,116000,17000,400000,6060399000000,6060400000000,6060401000000,6060402000000,6060452000000,330388000,1570000,17000,17000,18000
1780775211,867518000,347,1,U,N,6060399000000,6060398000000,6060397000000,6060396000000,6060392000000,335340000,165547000,116000,17000,400000,6060399000000,6060400000000,6060401000000,6060402000000,6060452000000,291147000,1570000,17000,17000,18000
1780775211,867534000,349,1,U,N,6060399000000,6060398000000,6060397000000,6060396000000,6060392000000,335340000,232241000,35000,17000,400000,6060399000000,6060400000000,6060401000000,6060402000000,6060452000000,282621000,1570000,17000,17000,18000
1780775211,867567000,352,1,U,N,6060399000000,6060398000000,6060397000000,6060396000000,6060392000000,335340000,232231000,35000,17000,400000,6060399000000,6060400000000,6060401000000,6060402000000,6060452000000,276632000,1570000,17000,17000,18000
1780775211,867604000,354,1,U,N,6060399000000,6060398000000,6060397000000,6060396000000,6060392000000,335340000,246406000,35000,17000,400000,6060399000000,6060400000000,6060401000000,6060402000000,6060452000000,276623000,1588000,17000,17000,18000
1780775211,867639000,359,1,U,N,6060399000000,6060398000000,6060397000000,6060396000000,6060392000000,335340000,244766000,35000,17000,400000,6060399000000,6060400000000,6060401000000,6060402000000,6060452000000,275963000,1588000,17000,17000,18000
1780775211,867662000,361,1,U,N,6060399000000,6060398000000,6060397000000,6060396000000,6060392000000,335340000,243611000,35000,17000,400000,6060399000000,6060400000000,6060401000000,6060402000000,6060452000000,275963000,1588000,17000,17000,18000
1780775211,867680000,363,1,U,N,6060399000000,6060398000000,6060397000000,6060396000000,6060392000000,335340000,243611000,35000,17000,400000,6060399000000,6060400000000,6060401000000,6060402000000,6060452000000,275963000,1588000,17000,17000,18000
1780775211,867694000,365,1,U,N,6060399000000,6060398000000,6060397000000,6060396000000,6060392000000,335340000,243611000,35000,17000,400000,6060399000000,6060400000000,6060401000000,6060402000000,6060452000000,275963000,1588000,17000,17000,18000
